{

    "errcode": "0",

    "errmsg": "success",

    "data": {

        "ap_id": 1105,

        "ap_name": "手机端首页轮播广告位",

        "ap_intro": "手机端首页轮播广告位",

        "ap_class": 0,

        "ap_display": 1,

        "is_use": 1,

        "ap_height": 175,

        "ap_width": 320,

        "ap_price": 0,

        "adv_num": 0,

        "click_num": 0,

        "default_content": "public/static/images/default_img_url/waplunbo.png",

        "ap_background_color": "",

        "type": 2,

        "instance_id": 0,

        "is_del": 1,

        "adv_list": [

            {

                "adv_id": 1,

                "ap_id": 1105,

                "adv_title": "图片A",

                "adv_url": "http://www.baidu.com/",

                "adv_image": "https://img.alicdn.com/simba/img/TB1Zx2WneuSBuNjy1XcSuwYjFXa.jpg",

                "slide_sort": 0,

                "click_num": 0,

                "background": ""

            },

            {

                "adv_id": 2,

                "ap_id": 1105,

                "adv_title": "图片B",

                "adv_url": "http://www.qq.com/",

                "adv_image": "https://gtms04.alicdn.com/tps/i4/TB1g5Cuf67nBKNjSZLeSuvxCFXa.jpg_q75.jpg",

                "slide_sort": 0,

                "click_num": 0,

                "background": ""

            }

        ]

    }

}