{

    "errcode": "0",

    "errmsg": "success",

    "data": {

        "data": [

            {

                "goods_id": 11,

                "goods_name": "TCL 65C5 65英寸34核人工智能 哈曼卡顿超薄4KHDR曲面电视",

                "shop_id": 0,

                "category_id": 8,

                "brand_id": 3,

                "group_id_array": "",

                "promotion_type": 0,

                "goods_type": 1,

                "market_price": "0.00",

                "price": "12099.00",

                "promotion_price": "12099.00",

                "cost_price": "0.00",

                "point_exchange_type": 0,

                "point_exchange": 0,

                "give_point": 10,

                "is_member_discount": 0,

                "shipping_fee": "0.00",

                "shipping_fee_id": 0,

                "stock": 1000,

                "max_buy": 0,

                "min_stock_alarm": 0,

                "clicks": 0,

                "sales": 0,

                "collects": 0,

                "star": 0,

                "evaluates": 0,

                "shares": 0,

                "province_id": 0,

                "city_id": 0,

                "picture": 51,

                "keywords": "",

                "introduction": "",

                "description": "<p>品牌： TCL</p><p>商品名称：TCL 65C5 65英寸34核人工智能 哈曼卡顿超薄4KHDR曲面电视商品编号：22368813727店铺： TCL电视旗舰店商品毛重：40.0kg合约方案：腾讯视频合约观看距离：3-3.5米分辨率：超高清电视类型：曲面电视，4K超清电视，人工智能电视能效等级：二级能效屏幕尺寸：65英寸</p><p><br/></p>",

                "QRcode": "https://gw.alicdn.com/bao/uploaded/i2/673075975/TB2mR9uXNWYBuNjy1zkXXXGGpXa_!!673075975.jpg_300x300q75.jpg_.webp",

                "code": "",

                "is_stock_visible": 1,

                "is_hot": 0,

                "is_recommend": 0,

                "is_new": 0,

                "is_pre_sale": 0,

                "is_bill": 0,

                "state": 1,

                "sale_date": 1524999327,

                "create_time": 1524999327,

                "update_time": 1525167721,

                "sort": 0,

                "real_sales": 0,

                "brand_name": "TCL",

                "brand_pic": "",

                "category_name": "曲面电视",

                "pic_cover_micro": "https://gw.alicdn.com/bao/uploaded/i2/673075975/TB2mR9uXNWYBuNjy1zkXXXGGpXa_!!673075975.jpg_300x300q75.jpg_.webp",

                "pic_cover_mid": "https://gw.alicdn.com/bao/uploaded/i2/673075975/TB2mR9uXNWYBuNjy1zkXXXGGpXa_!!673075975.jpg_300x300q75.jpg_.webp",

                "pic_cover_small": "https://gw.alicdn.com/bao/uploaded/i2/673075975/TB2mR9uXNWYBuNjy1zkXXXGGpXa_!!673075975.jpg_300x300q75.jpg_.webp",

                "shop_name": "官方旗舰店",

                "shop_type": 1,

                "pic_id": 51,

                "upload_type": 1,

                "domain": "",

                "bucket": "",

                "group_query": [],

                "sku_list": [

                    {

                        "sku_id": 19,

                        "goods_id": 11,

                        "sku_name": "",

                        "attr_value_items": "",

                        "attr_value_items_format": "",

                        "market_price": "0.00",

                        "price": "12099.00",

                        "promote_price": "12099.00",

                        "cost_price": "0.00",

                        "stock": 1000,

                        "picture": 0,

                        "code": "",

                        "QRcode": "",

                        "create_date": 1524999327,

                        "update_date": 1525167721

                    }

                ],

                "is_favorite": 0,

                "promotion_info": "",

                "group_name": ""

            },

            {

                "goods_id": 10,

                "goods_name": "TCL 55V1 55英寸32核超高清 4K曲面HDR超薄金属智能电视机",

                "shop_id": 0,

                "category_id": 8,

                "brand_id": 3,

                "group_id_array": "",

                "promotion_type": 0,

                "goods_type": 1,

                "market_price": "0.00",

                "price": "3288.00",

                "promotion_price": "3288.00",

                "cost_price": "0.00",

                "point_exchange_type": 0,

                "point_exchange": 0,

                "give_point": 10,

                "is_member_discount": 0,

                "shipping_fee": "1.00",

                "shipping_fee_id": 0,

                "stock": 996,

                "max_buy": 0,

                "min_stock_alarm": 0,

                "clicks": 0,

                "sales": 1006,

                "collects": 0,

                "star": 2,

                "evaluates": 1,

                "shares": 0,

                "province_id": 0,

                "city_id": 0,

                "picture": 47,

                "keywords": "",

                "introduction": "",

                "description": "<p>品牌： TCL</p><p>商品名称：TCL55V1商品编号：6349457商品毛重：18.8kg商品产地：中国大陆合约方案：腾讯视频合约观看距离：3-3.5米分辨率：超高清电视类型：曲面电视，超薄电视，4K超清电视，HDR，智能电视能效等级：二级能效屏幕尺寸：55英寸选购指数：10.0-8.0</p><p><br/></p>",

                "QRcode": "https://gw.alicdn.com/bao/uploaded/i2/673075975/TB2mR9uXNWYBuNjy1zkXXXGGpXa_!!673075975.jpg_300x300q75.jpg_.webp",

                "code": "",

                "is_stock_visible": 1,

                "is_hot": 0,

                "is_recommend": 0,

                "is_new": 0,

                "is_pre_sale": 0,

                "is_bill": 0,

                "state": 1,

                "sale_date": 1524999253,

                "create_time": 1524999253,

                "update_time": 1525167732,

                "sort": 0,

                "real_sales": 1006,

                "brand_name": "TCL",

                "brand_pic": "",

                "category_name": "曲面电视",

                "pic_cover_micro": "https://gw.alicdn.com/bao/uploaded/i2/673075975/TB2mR9uXNWYBuNjy1zkXXXGGpXa_!!673075975.jpg_300x300q75.jpg_.webp",

                "pic_cover_mid": "https://gw.alicdn.com/bao/uploaded/i2/673075975/TB2mR9uXNWYBuNjy1zkXXXGGpXa_!!673075975.jpg_300x300q75.jpg_.webp",

                "pic_cover_small": "https://gw.alicdn.com/bao/uploaded/i2/673075975/TB2mR9uXNWYBuNjy1zkXXXGGpXa_!!673075975.jpg_300x300q75.jpg_.webp",

                "shop_name": "官方旗舰店",

                "shop_type": 1,

                "pic_id": 47,

                "upload_type": 1,

                "domain": "",

                "bucket": "",

                "group_query": [],

                "sku_list": [

                    {

                        "sku_id": 18,

                        "goods_id": 10,

                        "sku_name": "",

                        "attr_value_items": "",

                        "attr_value_items_format": "",

                        "market_price": "0.00",

                        "price": "3288.00",

                        "promote_price": "3288.00",

                        "cost_price": "0.00",

                        "stock": 996,

                        "picture": 0,

                        "code": "",

                        "QRcode": "",

                        "create_date": 1524999253,

                        "update_date": 1525167732

                    }

                ],

                "is_favorite": 0,

                "promotion_info": "",

                "group_name": ""

            }

        ],

        "total_count": 5,

        "page_count": 3

    }

}